"","Gene_ID","Count"
"1","aadA",15
"2","aarF",4
"3","aas",22
"4","aat",7
"5","abc",10
"6","abrB",10
"7","accA",6
"8","accC",8
"9","accD",11
"10","aceA",13
"11","aceB",11
"12","aceE",31
"13","aceF",26
"14","aceK",13
"15","ackA",8
"16","acnA",44
"17","acnB",30
"18","acpD",4
"19","acpS",2
"20","acpT",9
"21","acrA",14
"22","acrB",26
"23","acrD",36
"24","acrE",8
"25","acrF",25
"26","acrR",2
"27","acs",13
"28","ada",10
"29","add",13
"30","adhE",23
"31","adhP",13
"32","adi",15
"33","adiY",6
"34","adk",1
"35","aefA",29
"36","aegA",26
"37","aer",20
"38","aes",13
"39","agp",9
"40","ahpC",2
"41","ahpF",14
"42","aidB",22
"43","ais",5
"44","alaS",21
"45","aldB",27
"46","alkA",11
"47","alkB",8
"48","allA",2
"49","allB",11
"50","allC",6
"51","allD",6
"52","allP",14
"53","allR",4
"54","alr",15
"55","amiA",8
"56","amiB",14
"57","amiC",4
"58","amn",15
"59","ampD",2
"60","ampE",8
"61","ampG",16
"62","ampH",12
"63","amtB",15
"64","amyA",20
"65","ansA",7
"66","ansB",9
"67","ansP",9
"68","apaG",4
"69","apaH",7
"70","apbA",4
"71","apbE",16
"72","apeE",35
"73","aphA",2
"74","apt",5
"75","araA",15
"76","araB",24
"77","araC",14
"78","araD",14
"79","araE",9
"80","araH",6
"81","araJ",17
"82","arcA",3
"83","arcB",23
"84","arcC",17
"85","argA",12
"86","argB",5
"87","argC",5
"88","argD",13
"89","argE",4
"90","argG",12
"91","argH",15
"92","argI",5
"93","argR",3
"94","argS",14
"95","argT",8
"96","aroA",18
"97","aroB",8
"98","aroC",10
"99","aroD",5
"100","aroE",11
"101","aroF",7
"102","aroG",8
"103","aroH",17
"104","aroL",4
"105","aroM",4
"106","aroP",10
"107","artI",5
"108","artJ",4
"109","artM",13
"110","artP",4
"111","artQ",3
"112","asd",4
"113","asmA",22
"114","asnA",12
"115","asnB",23
"116","asnC",3
"117","asnS",11
"118","aspA",10
"119","aspC",6
"120","aspS",14
"121","aspU",1
"122","asrA",8
"123","asrB",11
"124","asrC",9
"125","astA",13
"126","astB",11
"127","astC",21
"128","astD",20
"129","astE",14
"130","atpA",14
"131","atpB",2
"132","atpC",1
"133","atpD",5
"134","atpF",2
"135","atpH",1
"136","avrA",5
"137","avtA",11
"138","b2145",1
"139","bacA",4
"140","baeR",7
"141","baeS",15
"142","barA",28
"143","basR",5
"144","basS",7
"145","bax",1
"146","bcfA",5
"147","bcfB",4
"148","bcfC",32
"149","bcfD",12
"150","bcfE",4
"151","bcfF",9
"152","bcfG",11
"153","bcfH",11
"154","bcp",1
"155","bcr",9
"156","bcsC",6
"157","bfd",1
"158","bfr",6
"159","bglA",13
"160","bglJ",7
"161","bglX",24
"162","bigA",48
"163","bioA",9
"164","bioB",10
"165","bioC",9
"166","bioD",7
"167","bioF",11
"168","bioH",10
"169","birA",14
"170","bisC",23
"171","blc",4
"172","bolA",3
"173","brnQ",13
"174","btuB",8
"175","btuC",8
"176","btuD",9
"177","btuE",2
"178","btuF",6
"179","btuR",7
"180","cadA",9
"181","cadB",2
"182","cadC",19
"183","cafA",13
"184","caiA",10
"185","caiB",9
"186","caiC",16
"187","caiD",8
"188","caiE",10
"189","caiF",3
"190","caiT",8
"191","carA",27
"192","carB",59
"193","cbiA",13
"194","cbiC",2
"195","cbiD",4
"196","cbiE",9
"197","cbiF",10
"198","cbiG",6
"199","cbiH",2
"200","cbiJ",9
"201","cbiK",4
"202","cbiL",2
"203","cbiM",4
"204","cbiO",12
"205","cbiP",14
"206","cbiT",6
"207","cboQ",6
"208","cbpA",4
"209","cca",13
"210","ccmA",2
"211","ccmH",5
"212","cdaR",15
"213","cdd",2
"214","cdsA",4
"215","cedA",1
"216","celA",2
"217","celB",12
"218","celC",1
"219","celD",4
"220","celF",5
"221","celG",4
"222","cfa",7
"223","chaA",4
"224","chaB",1
"225","cheA",11
"226","cheB",4
"227","cheM",24
"228","cheR",4
"229","cheW",1
"230","cheZ",3
"231","cibB",2
"232","cigR",2
"233","cirA",13
"234","citA",14
"235","citB",12
"236","citC",11
"237","citC2",13
"238","citD",1
"239","citD2",6
"240","citE",8
"241","citE2",12
"242","citF",23
"243","citF2",28
"244","citG",8
"245","citG2",4
"246","citT",17
"247","citX",8
"248","citX2",4
"249","clpA",15
"250","clpB",31
"251","clpX",11
"252","cls",11
"253","cmk",5
"254","coaA",3
"255","cobB",8
"256","cobC",5
"257","cobD",10
"258","cobS",9
"259","cobT",11
"260","cobU",2
"261","cof",2
"262","copA",24
"263","copR",10
"264","copS",20
"265","corA",16
"266","corE",7
"267","cpdB",17
"268","cpsG",27
"269","cpxA",10
"270","cpxP",1
"271","cpxR",4
"272","crcB",5
"273","creA",4
"274","creB",7
"275","creC",23
"276","creD",14
"277","crl",3
"278","crp",1
"279","crr",1
"280","csdA",7
"281","csgA",5
"282","csgB",2
"283","csgD",5
"284","csgF",1
"285","csgG",4
"286","csiE",5
"287","cspA",2
"288","cspB",2
"289","cspE",1
"290","cstA",24
"291","cueO",13
"292","cueR",1
"293","cutA",1
"294","cutC",9
"295","cyaA",18
"296","cyaY",10
"297","cybB",10
"298","cybC",1
"299","cycA",12
"300","cydA",10
"301","cydB",6
"302","cydC",24
"303","cydD",19
"304","cyoA",3
"305","cyoB",13
"306","cyoC",3
"307","cyoD",1
"308","cyoE",5
"309","cypD",20
"310","cysA",10
"311","cysB",11
"312","cysC",10
"313","cysD",5
"314","cysE",3
"315","cysG",12
"316","cysH",16
"317","cysI",21
"318","cysJ",32
"319","cysK",14
"320","cysM",7
"321","cysN",27
"322","cysP",19
"323","cysQ",8
"324","cysS",10
"325","cysU",15
"326","cysW",8
"327","cysZ",7
"328","cytR",7
"329","dacA",6
"330","dacB",9
"331","dacC",10
"332","dacD",16
"333","dadA",14
"334","dadX",9
"335","dam",4
"336","damX",5
"337","dapA",7
"338","dapB",5
"339","dapD",6
"340","dapE",10
"341","dapF",5
"342","dbpA",17
"343","dcd",5
"344","dcm",14
"345","dcoB",2
"346","dcoC",1
"347","dcp",21
"348","dctA",6
"349","dcuA",10
"350","dcuB",9
"351","dcuC",14
"352","dcuR",6
"353","dcuS",15
"354","ddg",12
"355","ddlA",12
"356","ddlB",7
"357","deaD",15
"358","dedA",2
"359","dedD",2
"360","degQ",12
"361","degS",5
"362","deoA",17
"363","deoB",17
"364","deoC",5
"365","deoD",17
"366","deoR",7
"367","dfp",14
"368","dgkA",1
"369","dgt",16
"370","dinF",20
"371","dinG",14
"372","dinI",4
"373","dinP",17
"374","djlA",2
"375","dksA",1
"376","dld",12
"377","dlhH",11
"378","dmsA",26
"379","dmsC",6
"380","dnaA",8
"381","dnaB",14
"382","dnaC",7
"383","dnaE",31
"384","dnaG",7
"385","dnaJ",5
"386","dnaK",12
"387","dnaN",8
"388","dnaQ",6
"389","dnaT",4
"390","dnaX",19
"391","dniR",3
"392","dpiA",9
"393","dpiB",10
"394","dppA",13
"395","dppB",4
"396","dppC",11
"397","dppD",13
"398","dppF",11
"399","dps",4
"400","dsbA",3
"401","dsbB",5
"402","dsbC",4
"403","dsbD",17
"404","dsbG",13
"405","dsdA",24
"406","dsdC",9
"407","dsdX",11
"408","dut",3
"409","dxr",6
"410","dxs",13
"411","ecnA",3
"412","ecnR",4
"413","eco",1
"414","eda",3
"415","edd",12
"416","ego",7
"417","elaA",2
"418","elaB",2
"419","elaC",10
"420","emrA",4
"421","emrB",14
"422","emrD",10
"423","emrR",NA
"424","emtA",4
"425","endA",10
"426","engA",16
"427","eno",8
"428","entA",15
"429","entB",9
"430","entC",2
"431","entD",16
"432","entE",15
"433","entF",42
"434","envE",3
"435","envF",11
"436","envR",3
"437","envZ",12
"438","epd",14
"439","era",10
"440","erfK",1
"441","eutA",17
"442","eutB",16
"443","eutC",17
"444","eutD",6
"445","eutE",21
"446","eutG",21
"447","eutH",17
"448","eutJ",5
"449","eutK",10
"450","eutL",13
"451","eutM",6
"452","eutP",2
"453","eutQ",8
"454","eutR",9
"455","eutS",4
"456","eutT",13
"457","exbB",8
"458","exbD",2
"459","exo",5
"460","exoX",7
"461","fabA",7
"462","fabB",17
"463","fabD",5
"464","fabF",6
"465","fabG",1
"466","fabH",5
"467","fabI",7
"468","fabZ",4
"469","fadA",8
"470","fadB",25
"471","fadD",11
"472","fadH",20
"473","fadL",14
"474","fadR",4
"475","fba",11
"476","fbaB",18
"477","fbp",5
"478","fdhD",6
"479","fdhE",5
"480","fdhF",24
"481","fdnG",25
"482","fdnH",4
"483","fdnI",5
"484","fdoG",33
"485","fdoH",10
"486","fdoI",2
"487","fdrA",19
"488","feoB",17
"489","fepA",22
"490","fepB",11
"491","fepC",19
"492","fepD",14
"493","fepE",14
"494","fepG",12
"495","fes",16
"496","ffh",7
"497","fhlA",17
"498","fhuA",19
"499","fhuB",42
"500","fhuC",11
"501","fhuD",13
"502","fhuE",22
"503","fhuF",8
"504","fic",16
"505","fidL",5
"506","fimA",7
"507","fimC",9
"508","fimD",30
"509","fimF",6
"510","fimH",18
"511","fimI",7
"512","fimW",8
"513","fimY",15
"514","fimZ",2
"515","fixA",6
"516","fixB",13
"517","fixC",18
"518","fixX",6
"519","fklB",7
"520","fkpA",12
"521","fldA",3
"522","fldB",2
"523","flgA",5
"524","flgB",1
"525","flgC",2
"526","flgD",2
"527","flgE",12
"528","flgF",12
"529","flgG",6
"530","flgH",4
"531","flgI",9
"532","flgJ",8
"533","flgK",11
"534","flgL",7
"535","flgM",1
"536","flgN",2
"537","flhA",23
"538","flhB",6
"539","flhD",1
"540","flhE",6
"541","fliA",3
"542","fliB",26
"543","fliC",3
"544","fliD",11
"545","fliE",7
"546","fliF",16
"547","fliG",7
"548","fliH",12
"549","fliI",20
"550","fliK",12
"551","fliL",2
"552","fliM",2
"553","fliN",3
"554","fliO",8
"555","fliP",6
"556","fliQ",2
"557","fliR",2
"558","fliS",NA
"559","fliT",4
"560","fliY",14
"561","fliZ",7
"562","fljA",5
"563","fljB",1
"564","flk",13
"565","fmt",4
"566","fnr",5
"567","focA",4
"568","folA",2
"569","folB",2
"570","folC",7
"571","folD",6
"572","folE",1
"573","folK",12
"574","folP",4
"575","foxA",18
"576","fpr",9
"577","frdA",16
"578","frdB",4
"579","frdC",2
"580","frdD",4
"581","frr",1
"582","fruA",21
"583","fruF",6
"584","fruK",5
"585","fruR",10
"586","fsr",11
"587","ftn",5
"588","ftnB",1
"589","ftsA",4
"590","ftsE",5
"591","ftsI",14
"592","ftsK",43
"593","ftsL",2
"594","ftsN",12
"595","ftsW",7
"596","ftsX",13
"597","ftsY",5
"598","ftsZ",6
"599","fucA",2
"600","fucI",12
"601","fucK",16
"602","fucO",7
"603","fucR",3
"604","fucU",6
"605","fumA",19
"606","fumB",11
"607","fumC",18
"608","fusA",5
"609","fxsA",3
"610","gabD",14
"611","gabP",19
"612","gabT",13
"613","galE",9
"614","galF",10
"615","galK",8
"616","galM",9
"617","galP",10
"618","galR",13
"619","galS",8
"620","galT",11
"621","galU",3
"622","gapA",5
"623","garD",15
"624","garK",12
"625","garL",1
"626","garR",6
"627","gcd",35
"628","gcl",19
"629","gcp",12
"630","gcpE",16
"631","gcvA",6
"632","gcvH",2
"633","gcvP",52
"634","gcvR",2
"635","gcvT",10
"636","gdhA",9
"637","Gene_gene1182",1
"638","Gene_gene1241",1
"639","Gene_gene1244",2
"640","Gene_gene1470",10
"641","Gene_gene1549",13
"642","Gene_gene1662",4
"643","Gene_gene1929",2
"644","Gene_gene2002",8
"645","Gene_gene2131",6
"646","Gene_gene2210",1
"647","Gene_gene240",9
"648","Gene_gene2665",2
"649","Gene_gene2690",179
"650","Gene_gene297",11
"651","Gene_gene2975",15
"652","Gene_gene313",12
"653","Gene_gene325",1
"654","Gene_gene3302",1
"655","Gene_gene3460",10
"656","Gene_gene3520",3
"657","Gene_gene3530",8
"658","Gene_gene3655",3
"659","Gene_gene3810",7
"660","Gene_gene3948",4
"661","Gene_gene4458",16
"662","Gene_gene559",8
"663","Gene_gene789",21
"664","ggt",35
"665","ghmA",3
"666","gidA",16
"667","gidB",4
"668","gip",8
"669","gldA",9
"670","glgA",10
"671","glgB",17
"672","glgC",6
"673","glgP",28
"674","glgS",2
"675","glgX",16
"676","glk",3
"677","glmS",29
"678","glmU",16
"679","glnA",19
"680","glnB",3
"681","glnD",23
"682","glnE",28
"683","glnG",18
"684","glnH",2
"685","glnL",1
"686","glnQ",4
"687","glnS",23
"688","gloA",1
"689","gloB",9
"690","glpA",10
"691","glpB",10
"692","glpC",12
"693","glpD",26
"694","glpE",2
"695","glpF",3
"696","glpG",5
"697","glpK",15
"698","glpQ",3
"699","glpR",4
"700","glpT",15
"701","glpX",14
"702","gltA",5
"703","gltB",53
"704","gltD",14
"705","gltI",7
"706","gltJ",14
"707","gltK",9
"708","gltL",9
"709","gltP",15
"710","gltS",17
"711","gltX",14
"712","glxK",8
"713","glxR",7
"714","glyA",17
"715","glyQ",2
"716","glyS",32
"717","gmd",18
"718","gmk",2
"719","gnd",13
"720","gntK",6
"721","gntR",14
"722","gntT",8
"723","gntU",15
"724","gor",9
"725","gph",9
"726","gpmA",8
"727","gpmB",5
"728","gppA",19
"729","gpsA",2
"730","greA",5
"731","greB",2
"732","grpE",6
"733","grxA",2
"734","grxB",3
"735","grxC",1
"736","gshA",15
"737","gshB",9
"738","gsk",11
"739","gsp",16
"740","gst",2
"741","guaA",25
"742","guaB",14
"743","guaC",13
"744","gudD",9
"745","gudT",5
"746","gutQ",7
"747","gyrA",23
"748","gyrB",36
"749","hcaT",5
"750","hcp",22
"751","hcr",19
"752","helD",23
"753","hemA",14
"754","hemB",9
"755","hemC",9
"756","hemD",9
"757","hemE",10
"758","hemF",7
"759","hemG",10
"760","hemH",13
"761","hemK",10
"762","hemL",19
"763","hemN",9
"764","hemX",8
"765","hemY",16
"766","hepA",31
"767","hflB",17
"768","hflC",6
"769","hflK",4
"770","hflX",3
"771","hfq",1
"772","hilA",18
"773","hilC",9
"774","hilD",4
"775","hin",6
"776","hisA",8
"777","hisB",10
"778","hisC",12
"779","hisD",22
"780","hisF",7
"781","hisG",12
"782","hisH",3
"783","hisI",6
"784","hisJ",5
"785","hisM",5
"786","hisP",3
"787","hisQ",6
"788","hisS",6
"789","hmpA",14
"790","hnr",6
"791","hns",2
"792","hofB",13
"793","hofC",19
"794","hofQ",14
"795","holA",8
"796","holB",4
"797","holC",4
"798","holD",4
"799","holE",1
"800","hopD",8
"801","hpaA",6
"802","hpaB",12
"803","hpaC",3
"804","hpaD",12
"805","hpaE",23
"806","hpaF",2
"807","hpaG",14
"808","hpaH",6
"809","hpaI",9
"810","hpaR",5
"811","hpaX",14
"812","hpt",10
"813","hrpA",39
"814","hrpB",33
"815","hscA",12
"816","hscB",4
"817","hscC",10
"818","hslJ",7
"819","hslU",10
"820","hslV",1
"821","htgA",10
"822","htpG",22
"823","htpX",11
"824","htrA",12
"825","htrB",12
"826","hutC",7
"827","hutG",9
"828","hutH",17
"829","hutI",16
"830","hybA",3
"831","hybB",3
"832","hybC",11
"833","hybD",6
"834","hybE",7
"835","hybF",3
"836","hybG",1
"837","hycA",3
"838","hycB",3
"839","hycC",28
"840","hycD",11
"841","hycE",22
"842","hycF",14
"843","hycG",12
"844","hycH",4
"845","hycI",12
"846","hydG",18
"847","hydH",12
"848","hydN",5
"849","hypA",1
"850","hypB",5
"851","hypC",2
"852","hypD",18
"853","hypE",7
"854","hypF",23
"855","hypO",4
"856","iacP",4
"857","iadA",18
"858","iagB",10
"859","iap",13
"860","ibpA",2
"861","ibpB",1
"862","icc",7
"863","icdA",9
"864","iciA",10
"865","iclR",6
"866","idi",2
"867","idnD",18
"868","idnK",8
"869","idnO",4
"870","idnR",16
"871","idnT",8
"872","ileS",28
"873","ilvA",11
"874","ilvB",18
"875","ilvC",27
"876","ilvD",25
"877","ilvE",14
"878","ilvG",19
"879","ilvH",1
"880","ilvI",16
"881","ilvL",NA
"882","ilvN",3
"883","ilvY",13
"884","imp",19
"885","infB",37
"886","invA",13
"887","invB",3
"888","invC",3
"889","invE",5
"890","invF",4
"891","invG",11
"892","invH",4
"893","invI",3
"894","invJ",12
"895","ipk",10
"896","iroB",9
"897","iroC",55
"898","iroD",18
"899","iroE",16
"900","iroN",33
"901","ispA",6
"902","ispB",12
"903","ispD",5
"904","ispF",3
"905","katE",15
"906","katG",23
"907","kbl",10
"908","kdgK",5
"909","kdgR",12
"910","kdgT",8
"911","kdpA",19
"912","kdpB",24
"913","kdpC",3
"914","kdpD",23
"915","kdpE",8
"916","kdsA",6
"917","kdsB",6
"918","kdtA",2
"919","kdtB",6
"920","kduD",12
"921","kduI",10
"922","kefB",23
"923","kefC",26
"924","kgtP",17
"925","ksgA",2
"926","kup",22
"927","lamB",13
"928","lasT",10
"929","ldcC",24
"930","ldhA",8
"931","lepA",13
"932","lepB",12
"933","leuA",8
"934","leuB",9
"935","leuC",15
"936","leuD",2
"937","leuO",3
"938","leuS",20
"939","lexA",3
"940","lgt",4
"941","lig",19
"942","ligT",2
"943","lipA",5
"944","lipB",5
"945","livF",6
"946","livH",9
"947","livJ",23
"948","livK",13
"949","livM",14
"950","lldD",12
"951","lldP",36
"952","lldR",4
"953","lnt",18
"954","lolA",4
"955","lolB",7
"956","lon",18
"957","lonH",19
"958","lpdA",11
"959","lpfA",4
"960","lpfB",9
"961","lpfC",37
"962","lpfD",18
"963","lpfE",8
"964","lplA",13
"965","lppB",5
"966","lpxA",3
"967","lpxB",13
"968","lpxC",5
"969","lpxD",4
"970","lpxH",16
"971","lpxK",9
"972","lpxO",11
"973","lrhA",2
"974","lspA",4
"975","ltaA",9
"976","luxS",1
"977","lysA",18
"978","lysC",8
"979","lysP",14
"980","lysR",10
"981","lysS",4
"982","lytB",12
"983","lyxK",31
"984","maa",7
"985","maeB",22
"986","malE",10
"987","malF",19
"988","malG",18
"989","malK",9
"990","malM",4
"991","malP",27
"992","malQ",30
"993","malS",23
"994","malT",24
"995","malZ",29
"996","manA",8
"997","manC",15
"998","manX",6
"999","manY",4
"1000","manZ",7
"1001","map",7
"1002","marB",2
"1003","marC",2
"1004","marR",2
"1005","marT",5
"1006","mazG",10
"1007","mdaA",5
"1008","mdaB",4
"1009","mdfA",15
"1010","mdh",9
"1011","mdlA",20
"1012","mdlB",16
"1013","mdoB",24
"1014","mdoC",24
"1015","mdoG",6
"1016","mdoH",20
"1017","melA",14
"1018","melB",18
"1019","melR",4
"1020","menA",6
"1021","menB",9
"1022","menC",15
"1023","menD",13
"1024","menE",23
"1025","menF",9
"1026","mepA",5
"1027","mesJ",17
"1028","metA",2
"1029","metB",12
"1030","metC",18
"1031","metE",19
"1032","metF",9
"1033","metG",19
"1034","metH",69
"1035","metJ",2
"1036","metK",4
"1037","metL",28
"1038","metR",12
"1039","mfd",32
"1040","mglA",22
"1041","mglB",8
"1042","mglC",7
"1043","mgtA",33
"1044","mgtB",38
"1045","mgtC",10
"1046","miaA",2
"1047","miaB",11
"1048","miaE",6
"1049","micF",1
"1050","mig-14",27
"1051","minC",3
"1052","minD",5
"1053","mioC",3
"1054","mipA",1
"1055","misL",42
"1056","mlc",12
"1057","mltA",11
"1058","mltB",22
"1059","mltC",13
"1060","mntH",15
"1061","moaA",12
"1062","moaB",1
"1063","moaC",3
"1064","moaD",4
"1065","moaE",4
"1066","mobA",8
"1067","mobB",4
"1068","mod",19
"1069","modA",7
"1070","modB",5
"1071","modC",5
"1072","modE",2
"1073","modF",14
"1074","moeA",15
"1075","moeB",15
"1076","mog",6
"1077","mopA",13
"1078","mopB",1
"1079","motA",4
"1080","motB",3
"1081","mpl",18
"1082","mppA",22
"1083","mraY",9
"1084","mrcA",13
"1085","mrcB",21
"1086","mrdA",16
"1087","mrdB",5
"1088","mreB",6
"1089","mreC",6
"1090","mreD",1
"1091","mrp",10
"1092","mrsA",8
"1093","msbA",10
"1094","msbB",6
"1095","mscL",2
"1096","msrA",7
"1097","msyB",4
"1098","mtgA",15
"1099","mtlA",29
"1100","mtlD",14
"1101","mtlR",4
"1102","mtr",12
"1103","mug",5
"1104","mukB",56
"1105","mukE",8
"1106","mukF",9
"1107","murA",8
"1108","murB",10
"1109","murC",9
"1110","murD",23
"1111","murE",11
"1112","murF",12
"1113","murG",9
"1114","murI",3
"1115","mutH",5
"1116","mutL",16
"1117","mutM",6
"1118","mutS",20
"1119","mutT",5
"1120","mutY",10
"1121","mviM",13
"1122","mviN",14
"1123","nadA",17
"1124","nadB",23
"1125","nadC",7
"1126","nadD",2
"1127","nadE",10
"1128","nadR",8
"1129","nagA",7
"1130","nagB",6
"1131","nagC",11
"1132","nagD",13
"1133","nagE",19
"1134","nagZ",10
"1135","nanA",8
"1136","nanE",6
"1137","nanK",13
"1138","nanT",8
"1139","napA",27
"1140","napB",1
"1141","napC",3
"1142","napD",1
"1143","napF",6
"1144","napG",7
"1145","napH",5
"1146","narG",39
"1147","narH",24
"1148","narI",10
"1149","narJ",4
"1150","narK",17
"1151","narL",6
"1152","narP",3
"1153","narQ",17
"1154","narU",10
"1155","narV",14
"1156","narW",8
"1157","narX",15
"1158","narY",28
"1159","narZ",42
"1160","ndh",4
"1161","ndk",1
"1162","nei",10
"1163","nemA",20
"1164","nfi",6
"1165","nfnB",8
"1166","nfo",5
"1167","nhaA",8
"1168","nhaB",8
"1169","nhaR",7
"1170","nhoA",6
"1171","nifJ",45
"1172","nifS",9
"1173","nifU",3
"1174","nikR",4
"1175","nirB",33
"1176","nirC",12
"1177","nirD",3
"1178","nlp",2
"1179","nlpB",6
"1180","nlpD",3
"1181","nrdA",26
"1182","nrdB",8
"1183","nrdD",17
"1184","nrdE",31
"1185","nrdF",13
"1186","nrdG",4
"1187","nrdI",6
"1188","nrfA",12
"1189","nrfB",2
"1190","nrfC",12
"1191","nrfD",15
"1192","nrfE",28
"1193","nrfG",2
"1194","nth",12
"1195","ntpA",5
"1196","nuoA",1
"1197","nuoB",2
"1198","nuoC",11
"1199","nuoE",2
"1200","nuoF",13
"1201","nuoG",29
"1202","nuoH",7
"1203","nuoI",2
"1204","nuoJ",3
"1205","nuoK",1
"1206","nuoL",26
"1207","nuoM",33
"1208","nuoN",17
"1209","nupC",17
"1210","nupG",6
"1211","nusA",12
"1212","nusG",2
"1213","nxiA",9
"1214","oadB",1
"1215","oadG",1
"1216","oat",8
"1217","ogt",7
"1218","ompA",5
"1219","ompC",9
"1220","ompF",7
"1221","ompN",12
"1222","ompR",7
"1223","ompS",7
"1224","ompW",4
"1225","ompX",4
"1226","oppA",11
"1227","oppB",9
"1228","oppC",7
"1229","oppD",6
"1230","oppF",7
"1231","oraA",1
"1232","orf242",16
"1233","orf245",13
"1234","orf319",5
"1235","orf32",11
"1236","orf408",18
"1237","orf48",12
"1238","orgA",5
"1239","orn",4
"1240","osmC",2
"1241","osmE",7
"1242","osmY",6
"1243","otsA",13
"1244","otsB",9
"1245","oxyR",6
"1246","pabA",4
"1247","pabB",16
"1248","pabC",6
"1249","pagD",6
"1250","pagP",10
"1251","pal",14
"1252","panB",13
"1253","panC",14
"1254","panD",2
"1255","panF",7
"1256","parC",40
"1257","parE",14
"1258","pbpC",17
"1259","pbpG",12
"1260","pckA",9
"1261","pcm",5
"1262","pcnB",17
"1263","pdgL",17
"1264","pdhR",5
"1265","pduA",1
"1266","pduC",19
"1267","pduD",19
"1268","pduE",4
"1269","pduF",1
"1270","pduG",18
"1271","pduH",7
"1272","pduJ",4
"1273","pduK",9
"1274","pduL",2
"1275","pduM",7
"1276","pduN",3
"1277","pduO",15
"1278","pduP",31
"1279","pduQ",16
"1280","pduS",18
"1281","pduT",8
"1282","pduU",1
"1283","pduV",9
"1284","pduW",12
"1285","pduX",14
"1286","pdxA",9
"1287","pdxB",4
"1288","pdxH",13
"1289","pdxJ",5
"1290","pdxK",11
"1291","pdxY",7
"1292","pepA",18
"1293","pepB",16
"1294","pepD",14
"1295","pepE",6
"1296","pepN",17
"1297","pepP",8
"1298","pepQ",15
"1299","pepT",17
"1300","perM",13
"1301","pfkA",4
"1302","pfkB",9
"1303","pflA",4
"1304","pflB",16
"1305","pflE",8
"1306","pflF",37
"1307","pfs",11
"1308","pgi",22
"1309","pgk",6
"1310","pgm",14
"1311","pgpA",6
"1312","pgpB",7
"1313","pgsA",2
"1314","pgtA",13
"1315","pgtB",27
"1316","pgtC",4
"1317","pgtE",13
"1318","pgtP",15
"1319","pheA",10
"1320","pheP",11
"1321","pheS",8
"1322","pheT",15
"1323","phnA",2
"1324","phnB",3
"1325","phnO",5
"1326","phnR",4
"1327","phnS",8
"1328","phnT",7
"1329","phnU",9
"1330","phnV",3
"1331","phnW",14
"1332","phnX",13
"1333","phoB",8
"1334","phoE",11
"1335","phoH",6
"1336","phoL",7
"1337","phoN",17
"1338","phoP",3
"1339","phoQ",11
"1340","phoR",14
"1341","phoU",9
"1342","phrB",26
"1343","phsA",23
"1344","phsB",2
"1345","phsC",10
"1346","pipA",6
"1347","pipB",15
"1348","pipC",10
"1349","pipD",19
"1350","pitA",7
"1351","pldA",2
"1352","pldB",9
"1353","plsB",17
"1354","plsC",5
"1355","plsX",4
"1356","pmbA",19
"1357","pmgI",5
"1358","pmrF",11
"1359","pncA",6
"1360","pncB",5
"1361","pnp",15
"1362","pntA",11
"1363","pntB",14
"1364","pnuC",5
"1365","pocR",4
"1366","polA",27
"1367","polB",27
"1368","potA",5
"1369","potB",8
"1370","potC",3
"1371","potD",7
"1372","potE",8
"1373","potF",6
"1374","potG",4
"1375","potH",15
"1376","potI",10
"1377","poxB",21
"1378","ppa",1
"1379","ppc",26
"1380","ppdA",2
"1381","ppdB",10
"1382","ppdC",3
"1383","ppdD",2
"1384","pphB",8
"1385","ppiA",2
"1386","ppiB",2
"1387","ppiC",7
"1388","ppk",15
"1389","pps",17
"1390","ppx",11
"1391","pqaA",29
"1392","pqaB",23
"1393","pqiA",8
"1394","pqiB",14
"1395","prc",16
"1396","prfA",3
"1397","prfB",13
"1398","prfC",17
"1399","prfH",12
"1400","prgH",11
"1401","prgI",4
"1402","prgJ",1
"1403","prgK",3
"1404","priA",13
"1405","priB",1
"1406","priC",7
"1407","prkB",10
"1408","prlC",34
"1409","prmA",4
"1410","proA",7
"1411","proB",12
"1412","proC",10
"1413","proP",19
"1414","proQ",1
"1415","proS",9
"1416","proV",5
"1417","proW",13
"1418","proX",17
"1419","proY",14
"1420","prpA",9
"1421","prpB",7
"1422","prpC",5
"1423","prpD",23
"1424","prpE",30
"1425","prpR",21
"1426","prsA",4
"1427","psd",6
"1428","psiF",7
"1429","pspA",5
"1430","pspC",2
"1431","pspD",2
"1432","pspE",1
"1433","pspF",18
"1434","pssA",13
"1435","pstA",8
"1436","pstB",6
"1437","pstC",14
"1438","pstS",11
"1439","pta",16
"1440","pth",5
"1441","ptr",39
"1442","ptrB",22
"1443","ptsG",9
"1444","ptsI",13
"1445","ptsJ",12
"1446","ptsO",2
"1447","ptsP",11
"1448","ptxA",6
"1449","pudB",12
"1450","purA",10
"1451","purB",21
"1452","purC",3
"1453","purD",5
"1454","purE",7
"1455","purF",15
"1456","purG",27
"1457","purH",14
"1458","purK",8
"1459","purM",8
"1460","purN",4
"1461","purR",7
"1462","purT",12
"1463","purU",4
"1464","putA",39
"1465","putP",13
"1466","pykA",18
"1467","pykF",13
"1468","pyrB",7
"1469","pyrC",19
"1470","pyrD",2
"1471","pyrE",3
"1472","pyrF",13
"1473","pyrG",5
"1474","pyrH",2
"1475","pyrI",2
"1476","qor",13
"1477","queA",1
"1478","radA",22
"1479","radC",2
"1480","rarD",7
"1481","ratA",53
"1482","ratB",5
"1483","rbfA",3
"1484","rbn",8
"1485","rbsA",10
"1486","rbsB",8
"1487","rbsC",13
"1488","rbsD",4
"1489","rbsK",8
"1490","rbsR",7
"1491","rcsA",3
"1492","rcsB",5
"1493","rcsC",29
"1494","rcsF",1
"1495","rdgC",2
"1496","recA",3
"1497","recB",34
"1498","recC",41
"1499","recD",27
"1500","recF",5
"1501","recG",39
"1502","recJ",14
"1503","recN",8
"1504","recO",6
"1505","recQ",27
"1506","recR",5
"1507","relA",32
"1508","rep",19
"1509","res",31
"1510","rfaB",19
"1511","rfaC",11
"1512","rfaD",6
"1513","rfaE",18
"1514","rfaF",18
"1515","rfaG",10
"1516","rfaI",16
"1517","rfaJ",4
"1518","rfaK",14
"1519","rfaL",19
"1520","rfaP",9
"1521","rfaQ",13
"1522","rfaY",7
"1523","rfaZ",9
"1524","rfbA",14
"1525","rfbB",8
"1526","rfbC",16
"1527","rfbD",13
"1528","rfbF",2
"1529","rfbG",1
"1530","rfbH",16
"1531","rfbI",17
"1532","rfbP",9
"1533","rfe",6
"1534","rffG",9
"1535","rffH",4
"1536","rhaA",13
"1537","rhaB",13
"1538","rhaD",5
"1539","rhaR",3
"1540","rhaS",4
"1541","rhaT",10
"1542","rhlB",5
"1543","rhlE",9
"1544","rho",12
"1545","rhtC",7
"1546","ribA",7
"1547","ribD",9
"1548","ribE",8
"1549","ribF",3
"1550","ribH",2
"1551","rihC",7
"1552","rimI",5
"1553","rimJ",1
"1554","rimK",5
"1555","rimL",7
"1556","rimM",2
"1557","rlpA",7
"1558","rlpB",1
"1559","rluA",8
"1560","rluC",10
"1561","rluD",10
"1562","rmbA",3
"1563","rna",10
"1564","rnb",20
"1565","rnc",4
"1566","rnd",21
"1567","rne",36
"1568","rnhA",2
"1569","rnhB",7
"1570","rnpA",1
"1571","rnt",8
"1572","rob",2
"1573","rof",2
"1574","rpe",3
"1575","rph",13
"1576","rpiA",4
"1577","rplA",4
"1578","rplB",1
"1579","rplC",1
"1580","rplD",1
"1581","rplF",2
"1582","rplI",2
"1583","rplJ",1
"1584","rplM",1
"1585","rpmA",1
"1586","rpmD",1
"1587","rpmE2",1
"1588","rpmG",1
"1589","rpoA",1
"1590","rpoB",33
"1591","rpoC",53
"1592","rpoD",15
"1593","rpoE",2
"1594","rpoH",2
"1595","rpoN",10
"1596","rpoS",2
"1597","rpoZ",1
"1598","rpsA",12
"1599","rpsB",1
"1600","rpsC",1
"1601","rpsG",2
"1602","rpsI",1
"1603","rpsS",1
"1604","rpsV",1
"1605","rrfB",1
"1606","rrlG",3
"1607","rrmA",10
"1608","rseA",1
"1609","rseB",10
"1610","rseC",4
"1611","rsmC",17
"1612","rspA",10
"1613","rspB",13
"1614","rstA",5
"1615","rstB",16
"1616","rsuA",3
"1617","rtcA",18
"1618","rtcB",19
"1619","rtcR",16
"1620","rthB",7
"1621","rtn",14
"1622","rtT",3
"1623","ruvA",7
"1624","ruvB",15
"1625","ruvC",6
"1626","safB",10
"1627","safC",18
"1628","safD",1
"1629","sanA",5
"1630","sapA",9
"1631","sapB",13
"1632","sapC",5
"1633","sapD",16
"1634","sapF",7
"1635","sbcB",15
"1636","sbcC",48
"1637","sbcD",23
"1638","sbmA",13
"1639","sbmC",3
"1640","sbp",9
"1641","scsA",2
"1642","scsB",22
"1643","scsC",9
"1644","scsD",3
"1645","sdaA",16
"1646","sdaB",16
"1647","sdaC",9
"1648","sdhA",16
"1649","sdhB",6
"1650","sdhD",1
"1651","sdiA",5
"1652","secA",24
"1653","secB",1
"1654","secD",16
"1655","secF",5
"1656","secG",1
"1657","secY",1
"1658","selA",15
"1659","selB",29
"1660","selD",5
"1661","seqA",2
"1662","serA",10
"1663","serB",10
"1664","serC",10
"1665","serS",8
"1666","setB",12
"1667","sfbA",8
"1668","sfbB",12
"1669","sfbC",4
"1670","sfcA",9
"1671","sfsA",6
"1672","sgaB",6
"1673","sgaE",13
"1674","sgaH",3
"1675","sgaT",13
"1676","sgaU",9
"1677","sgbE",15
"1678","sgbH",11
"1679","sgbU",5
"1680","shdA",58
"1681","sicA",3
"1682","sicP",3
"1683","sifA",10
"1684","sifB",11
"1685","sinH",41
"1686","sinI",21
"1687","sinR",4
"1688","sipA",34
"1689","sipB",16
"1690","sipC",9
"1691","sipD",17
"1692","sirC",3
"1693","sitA",11
"1694","sitB",8
"1695","sitC",3
"1696","sitD",6
"1697","slp",6
"1698","slpA",1
"1699","slrB",2
"1700","slrP",33
"1701","slsA",5
"1702","slt",13
"1703","slyA",3
"1704","slyB",4
"1705","slyD",9
"1706","slyX",1
"1707","smf",9
"1708","smp",6
"1709","smpB",1
"1710","smtA",3
"1711","smvA",26
"1712","sodA",9
"1713","sodB",6
"1714","sodC",4
"1715","sohB",13
"1716","solA",7
"1717","sopA",29
"1718","sopB",32
"1719","sopD",16
"1720","sopE2",21
"1721","soxR",3
"1722","soxS",1
"1723","spaO",7
"1724","spaP",1
"1725","spaR",6
"1726","spaS",1
"1727","speA",19
"1728","speB",1
"1729","speC",26
"1730","speD",7
"1731","speE",10
"1732","speF",14
"1733","speG",3
"1734","spoT",23
"1735","spoU",7
"1736","sppA",16
"1737","spr",2
"1738","sprB",11
"1739","sprT",5
"1740","sptP",26
"1741","spy",7
"1742","srfA",20
"1743","srfB",36
"1744","srfC",15
"1745","srfJ",5
"1746","srlA",3
"1747","srlD",4
"1748","srlE",6
"1749","srmB",14
"1750","ssaB",1
"1751","ssaC",21
"1752","ssaD",18
"1753","ssaE",3
"1754","ssaG",1
"1755","ssaH",4
"1756","ssaI",5
"1757","ssaJ",7
"1758","ssaK",5
"1759","ssaL",11
"1760","ssaM",11
"1761","ssaN",12
"1762","ssaO",3
"1763","ssaP",1
"1764","ssaQ",11
"1765","ssaR",2
"1766","ssaS",1
"1767","ssaT",8
"1768","ssaU",8
"1769","ssaV",15
"1770","ssb",3
"1771","sscA",11
"1772","sscB",2
"1773","sseA",10
"1774","sseB",26
"1775","sseC",21
"1776","sseD",6
"1777","sseE",5
"1778","sseF",8
"1779","sseG",17
"1780","sseJ",26
"1781","sspA",3
"1782","sspB",5
"1783","sspH2",4
"1784","ssrA",36
"1785","ssrB",11
"1786","stbA",6
"1787","stbB",6
"1788","stbC",29
"1789","stbD",15
"1790","stbE",7
"1791","stdA",7
"1792","stdB",39
"1793","stdC",16
"1794","stfA",2
"1795","stfC",29
"1796","stfD",12
"1797","stfE",5
"1798","stfF",2
"1799","stfG",5
"1800","sthA",2
"1801","sthB",19
"1802","sthD",7
"1803","sthE",14
"1804","stiA",7
"1805","stiB",4
"1806","stiC",33
"1807","stiH",4
"1808","stjB",31
"1809","stjC",9
"1810","STM0014",12
"1811","STM0015",3
"1812","STM0016",2
"1813","STM0017",6
"1814","STM0018",23
"1815","STM0019",40
"1816","STM0020",8
"1817","STM0029",8
"1818","STM0030",16
"1819","STM0031",7
"1820","STM0032",11
"1821","STM0033",9
"1822","STM0034",2
"1823","STM0035",7
"1824","STM0036",12
"1825","STM0037",16
"1826","STM0038",24
"1827","STM0041",15
"1828","STM0042",10
"1829","STM0050",22
"1830","STM0052",5
"1831","STM0053",15
"1832","STM0054",1
"1833","STM0056",1
"1834","STM0057",11
"1835","STM0080",1
"1836","STM0081",10
"1837","STM0082",6
"1838","STM0083",6
"1839","STM0084",22
"1840","STM0098",3
"1841","STM0099",8
"1842","STM0100",5
"1843","STM0148",10
"1844","STM0149",14
"1845","STM0155",4
"1846","STM0156",3
"1847","STM0162",15
"1848","STM0163",7
"1849","STM0164",12
"1850","STM0201",5
"1851","STM0212",6
"1852","STM0233",15
"1853","STM0257",34
"1854","STM0266",17
"1855","STM0267",9
"1856","STM0268",8
"1857","STM0269",7
"1858","STM0270",11
"1859","STM0271",8
"1860","STM0272",26
"1861","STM0273",5
"1862","STM0274",11
"1863","STM0274A",2
"1864","STM0275",5
"1865","STM0276",7
"1866","STM0277",3
"1867","STM0278",NA
"1868","STM0280",5
"1869","STM0281",17
"1870","STM0282",9
"1871","STM0283",1
"1872","STM0284",4
"1873","STM0285",37
"1874","STM0286",8
"1875","STM0287",2
"1876","STM0288",1
"1877","STM0289",44
"1878","STM0290",3
"1879","STM0291",24
"1880","STM0295",10
"1881","STM0296",8
"1882","STM0305",1
"1883","STM0327",10
"1884","STM0328",5
"1885","STM0329",10
"1886","STM0330",2
"1887","STM0331",6
"1888","STM0332",4
"1889","STM0333",2
"1890","STM0334",1
"1891","STM0335",6
"1892","STM0341",8
"1893","STM0342",3
"1894","STM0343",26
"1895","STM0344",15
"1896","STM0345",9
"1897","STM0346",2
"1898","STM0347",4
"1899","STM0348",1
"1900","STM0349",1
"1901","STM0350",25
"1902","STM0351",25
"1903","STM0352",18
"1904","STM0353",24
"1905","STM0354",7
"1906","STM0355",1
"1907","STM0356",10
"1908","STM0360",9
"1909","STM0361",8
"1910","STM0362",1
"1911","STM0363",12
"1912","STM0381",11
"1913","STM0382",10
"1914","STM0402",5
"1915","STM0409",1
"1916","STM0410",1
"1917","STM0436A",5
"1918","STM0437",21
"1919","STM0458",7
"1920","STM0479",17
"1921","STM0497",6
"1922","STM0509",7
"1923","STM0520",8
"1924","STM0538",4
"1925","STM0539",3
"1926","STM0551",7
"1927","STM0561",6
"1928","STM0562",4
"1929","STM0563",11
"1930","STM0564",13
"1931","STM0565",5
"1932","STM0566",10
"1933","STM0567",17
"1934","STM0571",24
"1935","STM0572",7
"1936","STM0573",11
"1937","STM0574",6
"1938","STM0575",2
"1939","STM0576",6
"1940","STM0577",1
"1941","STM0580",3
"1942","STM0581",2
"1943","STM0610",16
"1944","STM0611",34
"1945","STM0612",2
"1946","STM0613",9
"1947","STM0649",3
"1948","STM0650",14
"1949","STM0651",5
"1950","STM0652",13
"1951","STM0660",22
"1952","STM0672",2
"1953","STM0691",9
"1954","STM0692",5
"1955","STM0699",3
"1956","STM0727",1
"1957","STM0731",2
"1958","STM0761",2
"1959","STM0762",2
"1960","STM0763",2
"1961","STM0764",5
"1962","STM0765",12
"1963","STM0769",6
"1964","STM0770",8
"1965","STM0771",5
"1966","STM0777",12
"1967","STM0799",8
"1968","STM0809",10
"1969","STM0810",6
"1970","STM0818",6
"1971","STM0835",4
"1972","STM0867",12
"1973","STM0868",11
"1974","STM0869",5
"1975","STM0870",20
"1976","STM0884",12
"1977","STM0885",2
"1978","STM0886",13
"1979","STM0930",4
"1980","STM0932",16
"1981","STM0950",4
"1982","STM0951",7
"1983","STM0952",9
"1984","STM0971",1
"1985","STM0989",7
"1986","STM1001",1
"1987","STM1002",15
"1988","STM1003",17
"1989","STM1060",15
"1990","STM1078",2
"1991","STM1081",6
"1992","STM1082",13
"1993","STM1089",4
"1994","STM1093",3
"1995","STM1097",6
"1996","STM1109",12
"1997","STM1110",2
"1998","STM1123",9
"1999","STM1127",3
"2000","STM1128",8
"2001","STM1129",2
"2002","STM1130",10
"2003","STM1131",1
"2004","STM1132",6
"2005","STM1133",5
"2006","STM1147",4
"2007","STM1158",12
"2008","STM1188",9
"2009","STM1228",28
"2010","STM1236",2
"2011","STM1239",29
"2012","STM1249",1
"2013","STM1250",10
"2014","STM1251",1
"2015","STM1252",12
"2016","STM1253",4
"2017","STM1255",15
"2018","STM1256",12
"2019","STM1257",7
"2020","STM1258",10
"2021","STM1259",8
"2022","STM1260",10
"2023","STM1261",2
"2024","STM1263",3
"2025","STM1265",12
"2026","STM1266",6
"2027","STM1267",1
"2028","STM1268",2
"2029","STM1269",5
"2030","STM1273",11
"2031","STM1276",7
"2032","STM1281",2
"2033","STM1287",13
"2034","STM1288",11
"2035","STM1300",2
"2036","STM1301",3
"2037","STM1309",21
"2038","STM1324",12
"2039","STM1328",8
"2040","STM1329",8
"2041","STM1330",16
"2042","STM1366",4
"2043","STM1368",13
"2044","STM1410",4
"2045","STM1441",31
"2046","STM1457",15
"2047","STM1459",3
"2048","STM1472",25
"2049","STM1481",18
"2050","STM1484",5
"2051","STM1485",1
"2052","STM1490",7
"2053","STM1491",7
"2054","STM1492",6
"2055","STM1493",4
"2056","STM1494",6
"2057","STM1496",5
"2058","STM1498",30
"2059","STM1499",25
"2060","STM1513",3
"2061","STM1527",21
"2062","STM1528",4
"2063","STM1529",2
"2064","STM1530",5
"2065","STM1531",4
"2066","STM1532",11
"2067","STM1533",18
"2068","STM1534",1
"2069","STM1535",3
"2070","STM1536",3
"2071","STM1537",4
"2072","STM1538",10
"2073","STM1539",8
"2074","STM1540",7
"2075","STM1541",4
"2076","STM1542",11
"2077","STM1543",10
"2078","STM1545",16
"2079","STM1546",27
"2080","STM1547",9
"2081","STM1548",21
"2082","STM1549",1
"2083","STM1550",2
"2084","STM1551",2
"2085","STM1552",8
"2086","STM1554",11
"2087","STM1555",8
"2088","STM1556",11
"2089","STM1557",11
"2090","STM1558",22
"2091","STM1559",30
"2092","STM1560",25
"2093","STM1561",9
"2094","STM1562",2
"2095","STM1573",3
"2096","STM1575",9
"2097","STM1583",2
"2098","STM1585",1
"2099","STM1586",8
"2100","STM1600",4
"2101","STM1606",6
"2102","STM1607",8
"2103","STM1612",13
"2104","STM1613",1
"2105","STM1614",11
"2106","STM1615",8
"2107","STM1616",8
"2108","STM1617",11
"2109","STM1618",6
"2110","STM1619",4
"2111","STM1621",11
"2112","STM1623",20
"2113","STM1624",8
"2114","STM1627",5
"2115","STM1628",2
"2116","STM1629",8
"2117","STM1630",10
"2118","STM1632",6
"2119","STM1633",13
"2120","STM1634",15
"2121","STM1635",9
"2122","STM1636",6
"2123","STM1637",15
"2124","STM1638",1
"2125","STM1643",7
"2126","STM1649",5
"2127","STM1650",3
"2128","STM1653",6
"2129","STM1656",2
"2130","STM1657",21
"2131","STM1664",5
"2132","STM1665",11
"2133","STM1667",6
"2134","STM1668",7
"2135","STM1669",37
"2136","STM1670",13
"2137","STM1671",5
"2138","STM1672",19
"2139","STM1673",3
"2140","STM1674",6
"2141","STM1675",10
"2142","STM1676",8
"2143","STM1677",12
"2144","STM1678",14
"2145","STM1697",12
"2146","STM1698",28
"2147","STM1698A",2
"2148","STM1731",10
"2149","STM1733",3
"2150","STM1741",3
"2151","STM1747",4
"2152","STM1760",11
"2153","STM1785",26
"2154","STM1786",17
"2155","STM1787",19
"2156","STM1788",10
"2157","STM1789",12
"2158","STM1790",5
"2159","STM1791",9
"2160","STM1792",11
"2161","STM1793",7
"2162","STM1794",1
"2163","STM1795",18
"2164","STM1808",1
"2165","STM1809",2
"2166","STM1810",1
"2167","STM1827",24
"2168","STM1829",1
"2169","STM1833",3
"2170","STM1836",16
"2171","STM1839",3
"2172","STM1841",1
"2173","STM1843",17
"2174","STM1849",44
"2175","STM1851",2
"2176","STM1856",6
"2177","STM1857",7
"2178","STM1858",6
"2179","STM1859",6
"2180","STM1871",4
"2181","STM1872",2
"2182","STM1874",11
"2183","STM1877",6
"2184","STM1910",17
"2185","STM1911",8
"2186","STM1933",3
"2187","STM1934",2
"2188","STM1939",2
"2189","STM1940",18
"2190","STM1941",6
"2191","STM1948",1
"2192","STM1967",4
"2193","STM1987",18
"2194","STM1988",1
"2195","STM1994",7
"2196","STM1999",1
"2197","STM2005",2
"2198","STM2006",8
"2199","STM2007",8
"2200","STM2008",13
"2201","STM2010",2
"2202","STM2011",2
"2203","STM2126",9
"2204","STM2133",22
"2205","STM2134",12
"2206","STM2135",25
"2207","STM2137",13
"2208","STM2138",5
"2209","STM2139",3
"2210","STM2148",2
"2211","STM2156A",6
"2212","STM2175",17
"2213","STM2176",3
"2214","STM2177",9
"2215","STM2178",7
"2216","STM2179",8
"2217","STM2180",9
"2218","STM2186",7
"2219","STM2195",3
"2220","STM2196",20
"2221","STM2197",4
"2222","STM2198",9
"2223","STM2208",17
"2224","STM2225",8
"2225","STM2245",7
"2226","STM2273",5
"2227","STM2274",8
"2228","STM2275",2
"2229","STM2280",19
"2230","STM2281",8
"2231","STM2287",4
"2232","STM2288",4
"2233","STM2289",2
"2234","STM2293",17
"2235","STM2300",15
"2236","STM2302",1
"2237","STM2303",3
"2238","STM2314",9
"2239","STM2329",1
"2240","STM2332",4
"2241","STM2336",3
"2242","STM2340",8
"2243","STM2341",7
"2244","STM2342",9
"2245","STM2343",4
"2246","STM2344",4
"2247","STM2345",6
"2248","STM2346",3
"2249","STM2357",14
"2250","STM2358",8
"2251","STM2359",10
"2252","STM2360",11
"2253","STM2361",19
"2254","STM2372",12
"2255","STM2373",3
"2256","STM2374",1
"2257","STM2375",5
"2258","STM2376",5
"2259","STM2377",10
"2260","STM2379",30
"2261","STM2400",4
"2262","STM2404",12
"2263","STM2405",27
"2264","STM2406",15
"2265","STM2426",4
"2266","STM2434",7
"2267","STM2446",8
"2268","STM2447",6
"2269","STM2449",2
"2270","STM2452",4
"2271","STM2475",1
"2272","STM2478",16
"2273","STM2486",6
"2274","STM2494",14
"2275","STM2503",23
"2276","STM2504",1
"2277","STM2527",10
"2278","STM2528",11
"2279","STM2529",7
"2280","STM2530",25
"2281","STM2532",49
"2282","STM2534",10
"2283","STM2545",9
"2284","STM2547",11
"2285","STM2551",17
"2286","STM2566",1
"2287","STM2570",12
"2288","STM2571",15
"2289","STM2573",20
"2290","STM2574",21
"2291","STM2575",3
"2292","STM2655",5
"2293","STM2666",1
"2294","STM2668",9
"2295","STM2680",4
"2296","STM2690",10
"2297","STM2691",26
"2298","STM2692",20
"2299","STM2695",2
"2300","STM2697",7
"2301","STM2699",2
"2302","STM2700",2
"2303","STM2701",7
"2304","STM2702",14
"2305","STM2703",1
"2306","STM2705",11
"2307","STM2706",7
"2308","STM2707",6
"2309","STM2708",14
"2310","STM2710",11
"2311","STM2711",14
"2312","STM2712",4
"2313","STM2713",6
"2314","STM2714",9
"2315","STM2715",6
"2316","STM2716",2
"2317","STM2717",2
"2318","STM2718",8
"2319","STM2719",10
"2320","STM2720",15
"2321","STM2729",6
"2322","STM2730",1
"2323","STM2736",2
"2324","STM2737",3
"2325","STM2739",11
"2326","STM2764",6
"2327","STM2765",2
"2328","STM2780",2
"2329","STM2786",5
"2330","STM2787",3
"2331","STM2788",13
"2332","STM2789",9
"2333","STM2797",2
"2334","STM2800",2
"2335","STM2803",12
"2336","STM2804",6
"2337","STM2812",5
"2338","STM2816",19
"2339","STM2840",17
"2340","STM2844",14
"2341","STM2868",7
"2342","STM2870",5
"2343","STM2880",5
"2344","STM2901",6
"2345","STM2902",6
"2346","STM2903",4
"2347","STM2904",4
"2348","STM2905",6
"2349","STM2906",5
"2350","STM2908",7
"2351","STM2910",11
"2352","STM2911",13
"2353","STM2912",16
"2354","STM2913",15
"2355","STM2914",13
"2356","STM2920",2
"2357","STM2921",3
"2358","STM2922",10
"2359","STM2923",2
"2360","STM2950",5
"2361","STM2955",5
"2362","STM2959",5
"2363","STM2963",5
"2364","STM2986",8
"2365","STM3012",9
"2366","STM3020",13
"2367","STM3021",7
"2368","STM3022",9
"2369","STM3025",16
"2370","STM3030",2
"2371","STM3031",2
"2372","STM3033",2
"2373","STM3036",14
"2374","STM3038",12
"2375","STM3052",2
"2376","STM3071",7
"2377","STM3072",8
"2378","STM3073",8
"2379","STM3074",11
"2380","STM3075",9
"2381","STM3079",1
"2382","STM3080",7
"2383","STM3081",5
"2384","STM3082",7
"2385","STM3083",13
"2386","STM3084",5
"2387","STM3085",9
"2388","STM3098",11
"2389","STM3124",13
"2390","STM3125",8
"2391","STM3126",8
"2392","STM3127",8
"2393","STM3128",9
"2394","STM3129",21
"2395","STM3130",4
"2396","STM3131",4
"2397","STM3132",11
"2398","STM3133",11
"2399","STM3134",8
"2400","STM3135",13
"2401","STM3136",17
"2402","STM3137",11
"2403","STM3138",8
"2404","STM3141",12
"2405","STM3142",12
"2406","STM3152",7
"2407","STM3154",6
"2408","STM3155",2
"2409","STM3156",4
"2410","STM3166",15
"2411","STM3167",2
"2412","STM3169",9
"2413","STM3170",2
"2414","STM3175",20
"2415","STM3191",19
"2416","STM3192",1
"2417","STM3193",2
"2418","STM3194",7
"2419","STM3198",6
"2420","STM3216",17
"2421","STM3257",4
"2422","STM3258",1
"2423","STM3259",2
"2424","STM3260",9
"2425","STM3261",8
"2426","STM3262",5
"2427","STM3291",19
"2428","STM3333",15
"2429","STM3334",17
"2430","STM3343",4
"2431","STM3350",9
"2432","STM3354",8
"2433","STM3355",2
"2434","STM3356",9
"2435","STM3357",4
"2436","STM3358",1
"2437","STM3362",3
"2438","STM3377",3
"2439","STM3378",3
"2440","STM3388",23
"2441","STM3411",7
"2442","STM3461",2
"2443","STM3508",6
"2444","STM3521",22
"2445","STM3527",10
"2446","STM3528",24
"2447","STM3529",13
"2448","STM3531",18
"2449","STM3532",11
"2450","STM3533",3
"2451","STM3547",10
"2452","STM3548",11
"2453","STM3549",5
"2454","STM3550",6
"2455","STM3580",7
"2456","STM3598",7
"2457","STM3599",20
"2458","STM3600",4
"2459","STM3601",7
"2460","STM3602",6
"2461","STM3604",13
"2462","STM3605",3
"2463","STM3631",9
"2464","STM3632",12
"2465","STM3633",13
"2466","STM3650",4
"2467","STM3651",3
"2468","STM3652",1
"2469","STM3657",7
"2470","STM3670",19
"2471","STM3678",5
"2472","STM3679",20
"2473","STM3681",12
"2474","STM3688",3
"2475","STM3696",10
"2476","STM3697",9
"2477","STM3698",12
"2478","STM3736",10
"2479","STM3737",12
"2480","STM3766",11
"2481","STM3767",14
"2482","STM3768",13
"2483","STM3769",7
"2484","STM3770",6
"2485","STM3771",2
"2486","STM3772",4
"2487","STM3773",36
"2488","STM3774",9
"2489","STM3775",9
"2490","STM3777",5
"2491","STM3778",5
"2492","STM3779",2
"2493","STM3780",5
"2494","STM3781",17
"2495","STM3782",3
"2496","STM3783",3
"2497","STM3784",3
"2498","STM3785",8
"2499","STM3791",9
"2500","STM3792",6
"2501","STM3793",3
"2502","STM3794",2
"2503","STM3796A",4
"2504","STM3799",17
"2505","STM3820",13
"2506","STM3858",32
"2507","STM3859",16
"2508","STM3860",14
"2509","STM3863",9
"2510","STM3911",2
"2511","STM3927",15
"2512","STM3940",5
"2513","STM3941",5
"2514","STM3942",1
"2515","STM3944",4
"2516","STM3966",14
"2517","STM3980",4
"2518","STM3981",7
"2519","STM4008",1
"2520","STM4010",13
"2521","STM4011",12
"2522","STM4012",23
"2523","STM4013",14
"2524","STM4014",13
"2525","STM4015",5
"2526","STM4030",2
"2527","STM4031",1
"2528","STM4032",8
"2529","STM4033",5
"2530","STM4039",5
"2531","STM4042",5
"2532","STM4042A",5
"2533","STM4044",11
"2534","STM4051",3
"2535","STM4052",8
"2536","STM4053",6
"2537","STM4054",11
"2538","STM4057",8
"2539","STM4065",25
"2540","STM4066",15
"2541","STM4067",15
"2542","STM4068",2
"2543","STM4070",3
"2544","STM4071",3
"2545","STM4080",4
"2546","STM4097",8
"2547","STM4098",10
"2548","STM4102",5
"2549","STM4103",21
"2550","STM4104",20
"2551","STM4155",5
"2552","STM4156",11
"2553","STM4157",10
"2554","STM4186",3
"2555","STM4191",2
"2556","STM4192",1
"2557","STM4195",3
"2558","STM4196",3
"2559","STM4197",6
"2560","STM4198",7
"2561","STM4199",3
"2562","STM4200",9
"2563","STM4201",9
"2564","STM4202",22
"2565","STM4203",3
"2566","STM4204",11
"2567","STM4205",4
"2568","STM4206",2
"2569","STM4207",7
"2570","STM4208",13
"2571","STM4209",3
"2572","STM4210",21
"2573","STM4211",44
"2574","STM4212",5
"2575","STM4213",17
"2576","STM4214",1
"2577","STM4215",3
"2578","STM4216",1
"2579","STM4217",9
"2580","STM4218",7
"2581","STM4219",3
"2582","STM4242",11
"2583","STM4252",8
"2584","STM4253",8
"2585","STM4257",15
"2586","STM4258",15
"2587","STM4259",8
"2588","STM4260",10
"2589","STM4261",173
"2590","STM4262",19
"2591","STM4267",9
"2592","STM4270",7
"2593","STM4272",9
"2594","STM4302",4
"2595","STM4305",37
"2596","STM4306",8
"2597","STM4307",5
"2598","STM4308",11
"2599","STM4309",9
"2600","STM4310",9
"2601","STM4313",2
"2602","STM4314",3
"2603","STM4315",11
"2604","STM4316",8
"2605","STM4317",7
"2606","STM4318",12
"2607","STM4351",4
"2608","STM4372",1
"2609","STM4390",2
"2610","STM4412",7
"2611","STM4413",15
"2612","STM4417",2
"2613","STM4418",5
"2614","STM4419",4
"2615","STM4420",1
"2616","STM4421",8
"2617","STM4422",4
"2618","STM4423",3
"2619","STM4424",6
"2620","STM4425",7
"2621","STM4427",7
"2622","STM4428",5
"2623","STM4429",2
"2624","STM4430",3
"2625","STM4431",11
"2626","STM4432",5
"2627","STM4433",6
"2628","STM4434",12
"2629","STM4435",8
"2630","STM4436",5
"2631","STM4440",1
"2632","STM4441",4
"2633","STM4442",1
"2634","STM4443",8
"2635","STM4444",10
"2636","STM4445",18
"2637","STM4446",17
"2638","STM4447",8
"2639","STM4448",27
"2640","STM4457",12
"2641","STM4463",2
"2642","STM4464",22
"2643","STM4465",14
"2644","STM4466",9
"2645","STM4467",7
"2646","STM4478",1
"2647","STM4489",72
"2648","STM4490",15
"2649","STM4491",27
"2650","STM4501",1
"2651","STM4502",12
"2652","STM4504",14
"2653","STM4505",7
"2654","STM4506",14
"2655","STM4509",7
"2656","STM4510",8
"2657","STM4518",4
"2658","STM4519",25
"2659","STM4520",1
"2660","STM4534",22
"2661","STM4535",2
"2662","STM4536",2
"2663","STM4537",3
"2664","STM4538",5
"2665","STM4539",10
"2666","STM4540",5
"2667","STM4545",3
"2668","STM4549",3
"2669","STM4551",5
"2670","STM4571",12
"2671","STM4574",21
"2672","STM4575",7
"2673","STM4595",7
"2674","STM4596",5
"2675","STM4597",2
"2676","sucA",22
"2677","sucB",7
"2678","sucC",13
"2679","sucD",19
"2680","sufA",1
"2681","sufB",11
"2682","sufC",8
"2683","sufD",19
"2684","sufI",11
"2685","sufS",19
"2686","sugE",3
"2687","suhB",6
"2688","sulA",1
"2689","sun",11
"2690","surA",10
"2691","surE",6
"2692","syd",4
"2693","tag",10
"2694","talA",15
"2695","talB",7
"2696","talC",7
"2697","tas",5
"2698","tatB",2
"2699","tatC",3
"2700","tbpA",17
"2701","tcp",19
"2702","tctD",8
"2703","tctE",21
"2704","tdcA",8
"2705","tdcB",7
"2706","tdcC",10
"2707","tdcD",23
"2708","tdcE",23
"2709","tdcG",24
"2710","tdh",13
"2711","tehA",5
"2712","tehB",8
"2713","tesA",1
"2714","tesB",8
"2715","tgt",11
"2716","thiC",38
"2717","thiD",8
"2718","thiF",6
"2719","thiH",5
"2720","thiI",21
"2721","thiJ",11
"2722","thiL",11
"2723","thiM",10
"2724","thrA",25
"2725","thrB",2
"2726","thrC",13
"2727","thrS",6
"2728","thyA",4
"2729","tig",7
"2730","tktA",33
"2731","tktB",24
"2732","tldD",19
"2733","tmk",6
"2734","tolA",5
"2735","tolB",15
"2736","tolC",13
"2737","tolQ",2
"2738","tolR",1
"2739","tonB",11
"2740","topA",25
"2741","topB",21
"2742","torA",23
"2743","torC",4
"2744","torD",8
"2745","torR",12
"2746","torS",46
"2747","torT",10
"2748","tpiA",10
"2749","tpx",2
"2750","treA",23
"2751","treC",21
"2752","treF",12
"2753","treR",8
"2754","trg",18
"2755","trkA",17
"2756","trkH",10
"2757","trmA",5
"2758","trmD",11
"2759","trmE",17
"2760","trmU",11
"2761","trpA",11
"2762","trpB",8
"2763","trpC",16
"2764","trpD",16
"2765","trpE",33
"2766","trpH",6
"2767","trpR",3
"2768","trpS",6
"2769","trpS2",12
"2770","truA",5
"2771","truB",12
"2772","trxB",10
"2773","trxC",5
"2774","tsf",2
"2775","tsr",17
"2776","tsx",4
"2777","ttk",2
"2778","ttrA",34
"2779","ttrB",15
"2780","ttrC",13
"2781","ttrR",2
"2782","ttrS",22
"2783","tufB",1
"2784","tus",6
"2785","typA",10
"2786","tyrA",10
"2787","tyrB",15
"2788","tyrP",14
"2789","tyrR",14
"2790","tyrS",9
"2791","tyrT",1
"2792","ubiA",5
"2793","ubiB",5
"2794","ubiC",2
"2795","ubiE",2
"2796","ubiF",17
"2797","ubiG",8
"2798","ubiH",14
"2799","ubiX",4
"2800","ucpA",5
"2801","udg",9
"2802","udhA",10
"2803","udp",8
"2804","ugpA",5
"2805","ugpB",8
"2806","ugpC",11
"2807","ugpE",11
"2808","ugpQ",9
"2809","ugtL",5
"2810","uhpA",6
"2811","uhpB",16
"2812","uhpC",24
"2813","uhpT",9
"2814","umuC",12
"2815","umuD",5
"2816","ung",7
"2817","upp",1
"2818","uppS",3
"2819","uraA",19
"2820","usg",9
"2821","ushA",14
"2822","ushB",12
"2823","uspA",6
"2824","uup",3
"2825","uvrA",23
"2826","uvrB",15
"2827","uvrC",17
"2828","uvrD",25
"2829","uvrY",4
"2830","uxuR",2
"2831","vacB",13
"2832","vacJ",1
"2833","valS",43
"2834","virK",16
"2835","visC",10
"2836","vsr",8
"2837","wcaA",9
"2838","wcaB",5
"2839","wcaC",17
"2840","wcaD",7
"2841","wcaE",11
"2842","wcaF",5
"2843","wcaG",14
"2844","wcaH",8
"2845","wcaI",22
"2846","wcaJ",18
"2847","wcaK",7
"2848","wcaL",16
"2849","wcaM",17
"2850","wecB",7
"2851","wecC",16
"2852","wecD",6
"2853","wecE",14
"2854","wecF",8
"2855","wecG",19
"2856","wraB",8
"2857","wza",9
"2858","wzb",7
"2859","wzc",24
"2860","wzxC",11
"2861","wzxE",12
"2862","wzzB",14
"2863","wzzE",7
"2864","xapA",11
"2865","xapB",13
"2866","xapR",11
"2867","xerC",5
"2868","xerD",10
"2869","xseA",22
"2870","xthA",6
"2871","xylA",6
"2872","xylB",22
"2873","xylR",14
"2874","yaaA",2
"2875","yaaH",4
"2876","yaaI",3
"2877","yaaJ",19
"2878","yaaU",15
"2879","yaaY",3
"2880","yabC",5
"2881","yabF",2
"2882","yabI",3
"2883","yabJ",12
"2884","yabK",10
"2885","yabN",16
"2886","yacA",4
"2887","yacC",2
"2888","yacE",3
"2889","yacF",8
"2890","yacG",3
"2891","yacH",13
"2892","yacL",2
"2893","yadB",12
"2894","yadE",21
"2895","yadF",4
"2896","yadG",20
"2897","yadH",11
"2898","yadI",1
"2899","yadQ",20
"2900","yadR",6
"2901","yadS",8
"2902","yaeB",5
"2903","yaeC",8
"2904","yaeD",6
"2905","yaeE",7
"2906","yaeH",2
"2907","yaeJ",2
"2908","yaeL",5
"2909","yaeQ",5
"2910","yaeR",2
"2911","yaeT",13
"2912","yafA",8
"2913","yafB",15
"2914","yafC",13
"2915","yafD",8
"2916","yafE",13
"2917","yafH",21
"2918","yafJ",2
"2919","yafK",4
"2920","yafS",9
"2921","yafV",3
"2922","yahN",1
"2923","yaiA",1
"2924","yaiC",14
"2925","yaiE",4
"2926","yaiI",3
"2927","yaiU",8
"2928","yaiV",8
"2929","yaiW",14
"2930","yaiY",2
"2931","yaiZ",6
"2932","yajB",3
"2933","yajF",10
"2934","yajG",5
"2935","yajI",7
"2936","yajO",19
"2937","yajQ",2
"2938","yajR",19
"2939","ybaD",2
"2940","ybaE",17
"2941","ybaJ",1
"2942","ybaL",18
"2943","ybaN",2
"2944","ybaO",4
"2945","ybaP",2
"2946","ybaW",2
"2947","ybaX",7
"2948","ybaY",8
"2949","ybaZ",4
"2950","ybbA",2
"2951","ybbB",6
"2952","ybbJ",5
"2953","ybbK",7
"2954","ybbL",2
"2955","ybbM",6
"2956","ybbN",11
"2957","ybbO",7
"2958","ybbP",20
"2959","ybbS",7
"2960","ybbV",2
"2961","ybbY",15
"2962","ybcI",9
"2963","ybcJ",3
"2964","ybdA",14
"2965","ybdB",7
"2966","ybdD",2
"2967","ybdF",3
"2968","ybdG",8
"2969","ybdH",22
"2970","ybdJ",1
"2971","ybdK",10
"2972","ybdL",17
"2973","ybdM",8
"2974","ybdN",18
"2975","ybdO",7
"2976","ybdQ",2
"2977","ybdR",12
"2978","ybdZ",2
"2979","ybeA",2
"2980","ybeB",1
"2981","ybeC",1
"2982","ybeF",9
"2983","ybeJ",6
"2984","ybeK",19
"2985","ybeL",4
"2986","ybeM",5
"2987","ybeQ",14
"2988","ybeR",12
"2989","ybeS",11
"2990","ybeU",1
"2991","ybeV",22
"2992","ybeX",9
"2993","ybeY",1
"2994","ybfA",2
"2995","ybfE",1
"2996","ybfF",5
"2997","ybfM",12
"2998","ybfN",4
"2999","ybgE",1
"3000","ybgF",9
"3001","ybgH",7
"3002","ybgI",4
"3003","ybgJ",5
"3004","ybgK",14
"3005","ybgL",4
"3006","ybgR",10
"3007","ybgS",1
"3008","ybhA",7
"3009","ybhB",3
"3010","ybhC",13
"3011","ybhE",12
"3012","ybhF",14
"3013","ybhK",7
"3014","ybhL",4
"3015","ybhM",10
"3016","ybhN",15
"3017","ybhO",19
"3018","ybhP",4
"3019","ybhQ",3
"3020","ybhR",10
"3021","ybhS",11
"3022","ybiB",16
"3023","ybiF",2
"3024","ybiH",7
"3025","ybiJ",1
"3026","ybiK",10
"3027","ybiN",7
"3028","ybiO",24
"3029","ybiP",17
"3030","ybiR",4
"3031","ybiS",8
"3032","ybiT",10
"3033","ybiU",15
"3034","ybiV(1)",1
"3035","ybjD",16
"3036","ybjE",10
"3037","ybjF",11
"3038","ybjG",6
"3039","ybjM",4
"3040","ybjN",4
"3041","ybjO",2
"3042","ybjP",4
"3043","ybjR",7
"3044","ybjT",23
"3045","ybjX",11
"3046","ybjY",7
"3047","ybjZ",20
"3048","ycaD",9
"3049","ycaI",21
"3050","ycaJ",15
"3051","ycaL",9
"3052","ycaM",13
"3053","ycaO",20
"3054","ycaP",7
"3055","ycaQ",11
"3056","ycbB",19
"3057","ycbC",9
"3058","ycbG",3
"3059","ycbL",3
"3060","ycbW",2
"3061","ycbY",20
"3062","yccA",3
"3063","yccF",1
"3064","yccJ",1
"3065","yccK",3
"3066","yccS",21
"3067","yccT",8
"3068","yccV",2
"3069","yccW",13
"3070","yccX",2
"3071","ycdC",5
"3072","ycdW",7
"3073","ycdX",4
"3074","ycdY",2
"3075","ycdZ",3
"3076","yceA",11
"3077","yceB",4
"3078","yceD",2
"3079","yceE",12
"3080","yceF",8
"3081","yceG",15
"3082","yceH",7
"3083","yceI",1
"3084","yceK",2
"3085","yceL",9
"3086","ycfC",2
"3087","ycfD",7
"3088","ycfF",1
"3089","ycfH",7
"3090","ycfJ",2
"3091","ycfL",1
"3092","ycfM",7
"3093","ycfN",2
"3094","ycfP",3
"3095","ycfQ",2
"3096","ycfS",6
"3097","ycfU",14
"3098","ycfV",6
"3099","ycfW",9
"3100","ycfX",9
"3101","ycgB",17
"3102","ycgL",1
"3103","ycgM",4
"3104","ycgN",2
"3105","ycgO",15
"3106","ycgQ",15
"3107","ycgR",7
"3108","ychA",4
"3109","ychE",8
"3110","ychF",12
"3111","ychH",4
"3112","ychJ",2
"3113","ychK",7
"3114","ychM",11
"3115","ychN",2
"3116","ychP",16
"3117","yciA",5
"3118","yciB",1
"3119","yciC",5
"3120","yciE",3
"3121","yciF",3
"3122","yciG",1
"3123","yciH",2
"3124","yciI",4
"3125","yciK",7
"3126","yciL",5
"3127","yciM",8
"3128","yciO",7
"3129","yciR",9
"3130","yciS",2
"3131","yciT",3
"3132","yciU",4
"3133","yciW",17
"3134","ycjE",5
"3135","ycjF",15
"3136","ycjG",10
"3137","ycjI",8
"3138","ycjX",20
"3139","ydaA",11
"3140","ydaL",4
"3141","ydaO",6
"3142","ydbH",27
"3143","ydbL",1
"3144","ydcF",16
"3145","ydcG",23
"3146","ydcI",10
"3147","ydcK",14
"3148","ydcN",10
"3149","ydcP",18
"3150","ydcR",14
"3151","ydcW",10
"3152","ydcX",2
"3153","ydcY",1
"3154","ydcZ",3
"3155","yddE",9
"3156","yddG",12
"3157","ydeA",15
"3158","ydeD",9
"3159","ydeE",8
"3160","ydeI",3
"3161","ydeJ",4
"3162","ydeV",10
"3163","ydeW",4
"3164","ydeY",8
"3165","ydeZ",4
"3166","ydfG",1
"3167","ydfH",6
"3168","ydfI",20
"3169","ydfJ",11
"3170","ydfZ",1
"3171","ydgA",22
"3172","ydgC",1
"3173","ydgE",5
"3174","ydgF",1
"3175","ydgH",3
"3176","ydgI",20
"3177","ydgJ",9
"3178","ydgK",1
"3179","ydgM",7
"3180","ydgO",5
"3181","ydgP",5
"3182","ydgQ",9
"3183","ydgR",6
"3184","ydgT",1
"3185","ydhB",4
"3186","ydhC",16
"3187","ydhD",1
"3188","ydhE",17
"3189","ydhF",6
"3190","ydhH",18
"3191","ydhJ",11
"3192","ydhL",3
"3193","ydhM",3
"3194","ydhO",10
"3195","ydiA",4
"3196","ydiB",6
"3197","ydiD",21
"3198","ydiE",3
"3199","ydiF",9
"3200","ydiH",2
"3201","ydiJ",33
"3202","ydiK",4
"3203","ydiL",3
"3204","ydiM",14
"3205","ydiN",9
"3206","ydiO",2
"3207","ydiP",10
"3208","ydiQ",6
"3209","ydiR",3
"3210","ydiS",10
"3211","ydiU",24
"3212","ydiV",3
"3213","ydiY",6
"3214","ydiZ",3
"3215","ydjA",6
"3216","ydjM",6
"3217","ydjN",6
"3218","yeaA",5
"3219","yeaB",6
"3220","yeaC",1
"3221","yeaD",9
"3222","yeaG",15
"3223","yeaH",8
"3224","yeaJ",17
"3225","yeaK",3
"3226","yeaL",2
"3227","yeaM",10
"3228","yeaN",12
"3229","yeaO",5
"3230","yeaR",3
"3231","yeaS",4
"3232","yeaZ",7
"3233","yebA",12
"3234","yebB",8
"3235","yebC",4
"3236","yebE",5
"3237","yebF",4
"3238","yebG",2
"3239","yebK",8
"3240","yebN",10
"3241","yebR",3
"3242","yebS",9
"3243","yebU",17
"3244","yebW",1
"3245","yecA",5
"3246","yecC",5
"3247","yecD",8
"3248","yecE",7
"3249","yecG",5
"3250","yecH",6
"3251","yecM",6
"3252","yecO",5
"3253","yecP",14
"3254","yecS",2
"3255","yedA",9
"3256","yedE",17
"3257","yedF",5
"3258","yedI",11
"3259","yedJ",9
"3260","yedO",12
"3261","yedP",9
"3262","yeeA",10
"3263","yeeF",3
"3264","yeeI",5
"3265","yeeN",7
"3266","yeeO",17
"3267","yeeX",2
"3268","yeeY",13
"3269","yeeZ",5
"3270","yegB",12
"3271","yegD",7
"3272","yegE",25
"3273","yegH",14
"3274","yegN",41
"3275","yegO",45
"3276","yegQ",9
"3277","yegS",16
"3278","yegT",12
"3279","yegU",7
"3280","yegV",6
"3281","yegW",8
"3282","yehS",3
"3283","yehT",4
"3284","yehU",20
"3285","yehV",7
"3286","yehW",6
"3287","yehX",12
"3288","yehY",20
"3289","yehZ",4
"3290","yeiA",12
"3291","yeiB",10
"3292","yeiE",7
"3293","yeiG",4
"3294","yeiH",10
"3295","yeiP",3
"3296","yeiR",9
"3297","yeiU",2
"3298","yejA",13
"3299","yejB",10
"3300","yejE",9
"3301","yejF",22
"3302","yejH",4
"3303","yejK",21
"3304","yejM",16
"3305","yfaE",1
"3306","yfaO",6
"3307","yfaV",2
"3308","yfaW",6
"3309","yfaX",8
"3310","yfaZ",1
"3311","yfbB",20
"3312","yfbE",10
"3313","yfbG",25
"3314","yfbK",22
"3315","yfbQ",5
"3316","yfbS",23
"3317","yfbT",3
"3318","yfbU",4
"3319","yfcA",2
"3320","yfcB",7
"3321","yfcC",14
"3322","yfcE",2
"3323","yfcF",6
"3324","yfcG",5
"3325","yfcH",8
"3326","yfcM",2
"3327","yfcN",6
"3328","yfcX",18
"3329","yfcY",16
"3330","yfdC",9
"3331","yfdH",6
"3332","yfdZ",16
"3333","yfeA",34
"3334","yfeC",1
"3335","yfeD",2
"3336","yfeH",13
"3337","yfeJ",7
"3338","yfeK",6
"3339","yfeL",6
"3340","yfeN",2
"3341","yfeR",6
"3342","yfeZ",2
"3343","yffB",4
"3344","yffH",5
"3345","yfgA",12
"3346","yfgB",11
"3347","yfgD",3
"3348","yfgE",4
"3349","yfgJ",4
"3350","yfgL",20
"3351","yfgM",3
"3352","yfhA",7
"3353","yfhB",3
"3354","yfhC",9
"3355","yfhD",19
"3356","yfhG",6
"3357","yfhH",8
"3358","yfhK",17
"3359","yfhL",3
"3360","yfhP",6
"3361","yfiC",7
"3362","yfiD",1
"3363","yfiE",10
"3364","yfiF",11
"3365","yfiH",2
"3366","yfiK",7
"3367","yfiM",2
"3368","yfiN",8
"3369","yfiO",3
"3370","yfiP",4
"3371","yfiQ",24
"3372","yfiR",3
"3373","yfjB",12
"3374","yfjD",6
"3375","yfjF",5
"3376","ygaA",12
"3377","ygaC",3
"3378","ygaD",5
"3379","ygaE",5
"3380","ygaF",11
"3381","ygaM",2
"3382","ygaP",10
"3383","ygaU",1
"3384","ygbA",5
"3385","ygbD",13
"3386","ygbI",8
"3387","ygbJ",7
"3388","ygbK",14
"3389","ygbL",4
"3390","ygbM",13
"3391","ygbO",10
"3392","ygbQ",2
"3393","ygcA",10
"3394","ygcF",7
"3395","ygcY",17
"3396","ygdB",10
"3397","ygdD",2
"3398","ygdE",11
"3399","ygdH",13
"3400","ygdK",6
"3401","ygdL",8
"3402","ygdQ",6
"3403","ygdR",3
"3404","ygeA",12
"3405","ygeD",4
"3406","ygfA",13
"3407","ygfB",1
"3408","ygfX",2
"3409","ygfY",1
"3410","ygfZ",7
"3411","yggA",1
"3412","yggB",7
"3413","yggE",5
"3414","yggG",10
"3415","yggH",4
"3416","yggJ",5
"3417","yggL",1
"3418","yggM",13
"3419","yggN",3
"3420","yggR",11
"3421","yggS",7
"3422","yggT",3
"3423","yggU",6
"3424","yggV",7
"3425","yggW",16
"3426","yggX",1
"3427","yghA",5
"3428","yghB",6
"3429","yghU",4
"3430","ygiB",2
"3431","ygiC",4
"3432","ygiD",12
"3433","ygiE",7
"3434","ygiF",13
"3435","ygiH",5
"3436","ygiK",5
"3437","ygiM",5
"3438","ygiN",4
"3439","ygiR",31
"3440","ygiW",3
"3441","ygiX",4
"3442","ygiY",8
"3443","ygjO",15
"3444","ygjP",3
"3445","ygjQ",9
"3446","ygjR",8
"3447","ygjT",11
"3448","ygjU",8
"3449","yhaJ",3
"3450","yhaK",11
"3451","yhaL",2
"3452","yhaN",23
"3453","yhaO",17
"3454","yhbC",1
"3455","yhbG",2
"3456","yhbH",1
"3457","yhbJ",6
"3458","yhbL",7
"3459","yhbN",2
"3460","yhbO",4
"3461","yhbP",3
"3462","yhbQ",2
"3463","yhbS",5
"3464","yhbT",2
"3465","yhbU",5
"3466","yhbV",8
"3467","yhbW",19
"3468","yhbY",1
"3469","yhbZ",9
"3470","yhcB",3
"3471","yhcC",7
"3472","yhcG",19
"3473","yhcH",6
"3474","yhcK",10
"3475","yhcM",14
"3476","yhcN",4
"3477","yhcO",1
"3478","yhcP",23
"3479","yhcQ",9
"3480","yhcR",1
"3481","yhcS",6
"3482","yhdA",16
"3483","yhdG",1
"3484","yhdH",3
"3485","yhdJ",6
"3486","yhdN",1
"3487","yhdP",40
"3488","yhdT",2
"3489","yhdV",1
"3490","yheL",3
"3491","yheM",6
"3492","yheN",3
"3493","yheO",9
"3494","yheR",2
"3495","yheS",35
"3496","yheT",14
"3497","yheV",1
"3498","yhfA",3
"3499","yhfC",23
"3500","yhfG",6
"3501","yhfK",21
"3502","yhgE",18
"3503","yhgF",20
"3504","yhgG",2
"3505","yhgH",14
"3506","yhgI",6
"3507","yhgN",7
"3508","yhhA",5
"3509","yhhF",3
"3510","yhhJ",13
"3511","yhhK",1
"3512","yhhL",4
"3513","yhhM",5
"3514","yhhN",4
"3515","yhhQ",3
"3516","yhhS",15
"3517","yhhT",8
"3518","yhhW",4
"3519","yhhX",13
"3520","yhhY",11
"3521","yhiH",32
"3522","yhiI",16
"3523","yhiN",19
"3524","yhiP",11
"3525","yhiQ",14
"3526","yhiR",6
"3527","yhjB",4
"3528","yhjC",13
"3529","yhjD",5
"3530","yhjE",11
"3531","yhjG",22
"3532","yhjH",5
"3533","yhjJ",10
"3534","yhjK",18
"3535","yhjL",32
"3536","yhjN",21
"3537","yhjO",17
"3538","yhjQ",6
"3539","yhjR",3
"3540","yhjS",3
"3541","yhjU",19
"3542","yhjV",9
"3543","yhjW",26
"3544","yhjY",8
"3545","yiaB",5
"3546","yiaD",6
"3547","yiaE",17
"3548","yiaF",3
"3549","yiaG",3
"3550","yiaH",9
"3551","yiaJ",13
"3552","yiaK",18
"3553","yiaL",4
"3554","yiaM",3
"3555","yiaN",11
"3556","yiaO",4
"3557","yibD",17
"3558","yibF",10
"3559","yibK",2
"3560","yibL",4
"3561","yibP",17
"3562","yibR",3
"3563","yicC",8
"3564","yicE",11
"3565","yicF",28
"3566","yicH",19
"3567","yicI",19
"3568","yicJ",14
"3569","yicL",8
"3570","yicM",11
"3571","yicN",4
"3572","yidA",12
"3573","yidC",7
"3574","yidE",12
"3575","yidF",10
"3576","yidG",1
"3577","yidH",4
"3578","yidQ",6
"3579","yidR",10
"3580","yidY",12
"3581","yidZ",9
"3582","yieE",4
"3583","yieF",5
"3584","yieG",13
"3585","yieH",8
"3586","yieM",9
"3587","yieN",22
"3588","yieO",8
"3589","yieP",3
"3590","yifA",6
"3591","yifB",8
"3592","yifK",8
"3593","yifZ",13
"3594","yigA",8
"3595","yigB",10
"3596","yigC",13
"3597","yigF",1
"3598","yigG",1
"3599","yigL",2
"3600","yigM",8
"3601","yigN",4
"3602","yigP",6
"3603","yigQ",14
"3604","yigW",9
"3605","yigZ",4
"3606","yihA",2
"3607","yihE",11
"3608","yihG",7
"3609","yihO",6
"3610","yihP",10
"3611","yihQ",25
"3612","yihR",8
"3613","yihS",13
"3614","yihT",13
"3615","yihU",5
"3616","yihV",4
"3617","yihW",6
"3618","yihX",2
"3619","yihZ",5
"3620","yiiD",12
"3621","yiiG",7
"3622","yiiM",3
"3623","yiiP",8
"3624","yiiQ",1
"3625","yiiR",2
"3626","yiiU",1
"3627","yijC",9
"3628","yijD",5
"3629","yijF",4
"3630","yijO",7
"3631","yijP",14
"3632","yjaB",1
"3633","yjaD",11
"3634","yjaG",6
"3635","yjaH",4
"3636","yjbA",1
"3637","yjbB",8
"3638","yjbC",10
"3639","yjbD",5
"3640","yjbE",1
"3641","yjbF",10
"3642","yjbG",14
"3643","yjbH",13
"3644","yjbN",8
"3645","yjbQ",2
"3646","yjbR",1
"3647","yjcB",1
"3648","yjcC",11
"3649","yjcD",17
"3650","yjcE",20
"3651","yjcG",16
"3652","yjcH",2
"3653","yjcO",3
"3654","yjdB",6
"3655","yjdC",4
"3656","yjdE",16
"3657","yjdL",12
"3658","yjeA",6
"3659","yjeE",2
"3660","yjeF",16
"3661","yjeH",13
"3662","yjeI",5
"3663","yjeJ",7
"3664","yjeK",3
"3665","yjeM",13
"3666","yjeO",4
"3667","yjeP",39
"3668","yjeQ",6
"3669","yjeS",10
"3670","yjfC",9
"3671","yjfH",7
"3672","yjfI",2
"3673","yjfJ",5
"3674","yjfK",5
"3675","yjfL",3
"3676","yjfM",12
"3677","yjfN",1
"3678","yjfO",1
"3679","yjfP",4
"3680","yjfQ",3
"3681","yjfR",7
"3682","yjfY",4
"3683","yjgA",2
"3684","yjgB",15
"3685","yjgD",4
"3686","yjgF",3
"3687","yjgG",3
"3688","yjgK",7
"3689","yjgM",2
"3690","yjgN",10
"3691","yjgP",10
"3692","yjgQ",7
"3693","yjhP",24
"3694","yjiA",12
"3695","yjiE",5
"3696","yjiG",1
"3697","yjiH",10
"3698","yjiJ",13
"3699","yjiN",15
"3700","yjiO",15
"3701","yjiS",1
"3702","yjiY",29
"3703","yjjA",2
"3704","yjjG",4
"3705","yjjI",16
"3706","yjjK",17
"3707","yjjP",10
"3708","yjjQ",9
"3709","yjjU",6
"3710","yjjV",15
"3711","yjjW",12
"3712","yjjX",12
"3713","ylaB",11
"3714","ylaC",1
"3715","ylbA",5
"3716","ylbE",8
"3717","ylbF",6
"3718","yliA",9
"3719","yliB",13
"3720","yliC",12
"3721","yliD",5
"3722","yliG",3
"3723","yliI",8
"3724","yliJ",10
"3725","yljA",2
"3726","ymbA",9
"3727","ymdA",1
"3728","ymdC",5
"3729","ymfB",5
"3730","ymfC",3
"3731","ymgE",3
"3732","ynaF",5
"3733","ynaI",11
"3734","ynaJ",2
"3735","ynbE",2
"3736","yncA",6
"3737","yncB",11
"3738","yncC",5
"3739","yncD",24
"3740","yncJ",3
"3741","yneA",3
"3742","yneB",3
"3743","yneC",3
"3744","yneG",3
"3745","yneH",10
"3746","yneI",19
"3747","yneJ",6
"3748","ynfA",3
"3749","ynfB",2
"3750","ynfC",8
"3751","ynfD",2
"3752","ynfI",8
"3753","ynfK",8
"3754","ynfL",8
"3755","ynfM",16
"3756","ynhA",7
"3757","ynhG",17
"3758","yniB",2
"3759","yniC",12
"3760","yoaA",17
"3761","yoaB",3
"3762","yoaE",15
"3763","yobA",6
"3764","yobG",1
"3765","yodD",1
"3766","yohC",7
"3767","yohD",5
"3768","yohF",13
"3769","yohG",16
"3770","yohI",11
"3771","yohJ",6
"3772","yohK",7
"3773","yohL",2
"3774","yohM",6
"3775","yojI",17
"3776","yojN",13
"3777","ypeC",1
"3778","ypfG",9
"3779","ypfI",34
"3780","yqaA",1
"3781","yqaB",3
"3782","yqcB",9
"3783","yqcC",6
"3784","yqcD",12
"3785","yqeF",10
"3786","yqfA",4
"3787","yqfB",1
"3788","yqgA",7
"3789","yqgB",1
"3790","yqgD",2
"3791","yqgE",1
"3792","yqgF",3
"3793","yqhA",5
"3794","yqhC",7
"3795","yqhD",12
"3796","yqhE",4
"3797","yqiA",6
"3798","yqiB",1
"3799","yqiC",3
"3800","yqiE",6
"3801","yqiK",20
"3802","yqjA",4
"3803","yqjB",1
"3804","yqjC",3
"3805","yqjE",3
"3806","yqjF",3
"3807","yqjG",9
"3808","yqjH",12
"3809","yqjI",6
"3810","yraL",14
"3811","yraM",26
"3812","yraO",1
"3813","yraP",5
"3814","yraR",13
"3815","yrbA",1
"3816","yrbB",3
"3817","yrbC",6
"3818","yrbD",5
"3819","yrbE",6
"3820","yrbF",4
"3821","yrbG",7
"3822","yrbH",7
"3823","yrbI",4
"3824","yrbL",10
"3825","yrdA",11
"3826","yrdB",6
"3827","yrdC",5
"3828","yrdD",7
"3829","yrfA",8
"3830","yrfB",10
"3831","yrfC",5
"3832","yrfD",13
"3833","yrfF",15
"3834","yrfG",3
"3835","yrfH",1
"3836","yrfI",12
"3837","ysaA",3
"3838","yshA",5
"3839","ytfB",3
"3840","ytfE",8
"3841","ytfF",7
"3842","ytfG",8
"3843","ytfH",4
"3844","ytfJ",4
"3845","ytfK",3
"3846","ytfL",13
"3847","ytfM",12
"3848","ytfN",40
"3849","ytgA",1
"3850","zipA",5
"3851","zntA",33
"3852","zntR",6
"3853","znuA",4
"3854","znuB",3
"3855","znuC",4
"3856","zraP",3
"3857","zur",6
"3858","zwf",13
